Application Name:	ZOOMA (Automatic Ontology Mapper)
Version:	2.0
Run at:	13:50.34, 03.10.23
Run from:	http://www.ebi.ac.uk/fgpt/zooma


PROPERTY TYPE	PROPERTY VALUE	ONTOLOGY TERM LABEL(S)	ONTOLOGY TERM SYNONYM(S)	CONFIDENCE	ONTOLOGY TERM(S)	ONTOLOGY(S)	SOURCE(S)	STUDY
[NO TYPE]	bovine',	Defibrotide (Bovine)		Medium	NCIT_C155982	http://purl.obolibrary.org/obo/	http://purl.obolibrary.org/obo/ncit.owl	[UNKNOWN EXPERIMENTS]
[NO TYPE]	bovine',	Bovine Cartilage		Medium	NCIT_C2418	http://purl.obolibrary.org/obo/	http://purl.obolibrary.org/obo/ncit.owl	[UNKNOWN EXPERIMENTS]
[NO TYPE]	 'Lacerta vivipara',	Lacerta		Medium	NCBITaxon_8523	http://purl.obolibrary.org/obo/	http://purl.obolibrary.org/obo/ncbitaxon.owl	[UNKNOWN EXPERIMENTS]
[NO TYPE]	 'Lacerta vivipara',	Lacerta		Medium	VTO_0018631	http://purl.obolibrary.org/obo/	http://purl.obolibrary.org/obo/vto.owl	[UNKNOWN EXPERIMENTS]
[NO TYPE]	 'Ovis aries',	Ovis aries		Good	NCBITaxon_9940	http://purl.obolibrary.org/obo/	https://www.ebi.ac.uk/metabolights	[UNKNOWN EXPERIMENTS]
[NO TYPE]	 'Rattus sp. ABTC 42503',	Rattus sp. ABTC 42503		Medium	VTO_0014844	http://purl.obolibrary.org/obo/	http://purl.obolibrary.org/obo/vto.owl	[UNKNOWN EXPERIMENTS]
[NO TYPE]	 'Rattus sp. ABTC 42503',	Rattus sp. ABTC 42503		Medium	NCBITaxon_435435	http://purl.obolibrary.org/obo/	http://purl.obolibrary.org/obo/ncbitaxon.owl	[UNKNOWN EXPERIMENTS]
[NO TYPE]	 'Schmidtea mediterranea',	Schmidtea mediterranea		Good	NCBITaxon_79327	http://purl.obolibrary.org/obo/	http://www.ebi.ac.uk/efo/efo.owl	[UNKNOWN EXPERIMENTS]
[NO TYPE]	 'Arctictis binturong',	Arctictis binturong		Medium	NCBITaxon_94180	http://purl.obolibrary.org/obo/	http://purl.obolibrary.org/obo/ncbitaxon.owl	[UNKNOWN EXPERIMENTS]
[NO TYPE]	 'Arctictis binturong',	Arctictis binturong		Medium	VTO_0010949	http://purl.obolibrary.org/obo/	http://purl.obolibrary.org/obo/vto.owl	[UNKNOWN EXPERIMENTS]
[NO TYPE]	 'Lemna minor',	Lemna minor		Medium	NCBITaxon_4472	http://purl.obolibrary.org/obo/	http://purl.obolibrary.org/obo/ncbitaxon.owl	[UNKNOWN EXPERIMENTS]
[NO TYPE]	 'Lemna minor',	Lemna minor		Medium	NCIT_C72355	http://purl.obolibrary.org/obo/	http://purl.obolibrary.org/obo/ncit.owl	[UNKNOWN EXPERIMENTS]
[NO TYPE]	 'rhesus macaques',	Macaca mulatta		Good	NCBITaxon_9544	http://purl.obolibrary.org/obo/	https://bio.scai.fraunhofer.de/ontology/epilepsy	[UNKNOWN EXPERIMENTS]
[NO TYPE]	 'African clawed frog',	Xenopus laevis		Good	NCBITaxon_8355	http://purl.obolibrary.org/obo/	https://bio.scai.fraunhofer.de/ontology/epilepsy	[UNKNOWN EXPERIMENTS]
[NO TYPE]	 'insects',	Hexapoda		Good	NCBITaxon_6960	http://purl.obolibrary.org/obo/	http://purl.obolibrary.org/obo/peco.owl	[UNKNOWN EXPERIMENTS]
[NO TYPE]	 'Mamestra brassicae',	Mamestra brassicae		Good	NCBITaxon_55057	http://purl.obolibrary.org/obo/	http://purl.obolibrary.org/obo/ncbitaxon.owl	[UNKNOWN EXPERIMENTS]
[NO TYPE]	 'Japanese quail',	Japanese Quail, Japan (Quail)		Medium	VBO_0013373	http://purl.obolibrary.org/obo/	http://purl.obolibrary.org/obo/vbo.owl	[UNKNOWN EXPERIMENTS]
[NO TYPE]	 'Japanese quail',	Japanese quail, Morocco (Quail)		Medium	VBO_0013375	http://purl.obolibrary.org/obo/	http://purl.obolibrary.org/obo/vbo.owl	[UNKNOWN EXPERIMENTS]
[NO TYPE]	 'Crocuta crocuta',	Crocuta		Medium	NCBITaxon_9677	http://purl.obolibrary.org/obo/	http://purl.obolibrary.org/obo/ncbitaxon.owl	[UNKNOWN EXPERIMENTS]
[NO TYPE]	 'Crocuta crocuta',	Crocuta		Medium	VTO_0010894	http://purl.obolibrary.org/obo/	http://purl.obolibrary.org/obo/vto.owl	[UNKNOWN EXPERIMENTS]
[NO TYPE]	 'mammals',	Mammals		Good	OMIT_0009396	http://purl.obolibrary.org/obo/	http://purl.obolibrary.org/obo/omit.owl	[UNKNOWN EXPERIMENTS]
[NO TYPE]	 'Zoarces viviparus',	Zoarces viviparus		Good	TTO_1019559	http://purl.obolibrary.org/obo/	http://purl.obolibrary.org/obo/tto.owl	[UNKNOWN EXPERIMENTS]
[NO TYPE]	 'Rattus norvegicus',	Rattus norvegicus		Good	NCBITaxon_10116	http://purl.obolibrary.org/obo/	https://www.ebi.ac.uk/gxa	[UNKNOWN EXPERIMENTS]
[NO TYPE]	 'Syrian golden hamster',	Syrian Hamster		Good	NCIT_C77095	http://purl.obolibrary.org/obo/	http://purl.obolibrary.org/obo/ncit.owl	[UNKNOWN EXPERIMENTS]
[NO TYPE]	 'mouse',	Mus <genus>		Good	NCBITaxon_10088	http://purl.obolibrary.org/obo/	https://www.ebi.ac.uk/metabolights	[UNKNOWN EXPERIMENTS]
[NO TYPE]	 'Sprague-Dawley',	Sprague Dawley		Good	EFO_0001352	http://www.ebi.ac.uk/efo/	https://www.ebi.ac.uk/gxa	[UNKNOWN EXPERIMENTS]
[NO TYPE]	 'Dreissena polymorpha',	Dreissena polymorpha		Good	NCBITaxon_45954	http://purl.obolibrary.org/obo/	http://purl.obolibrary.org/obo/ncbitaxon.owl	[UNKNOWN EXPERIMENTS]
[NO TYPE]	 'lepidoptera',	Lepidoptera		Good	OMIT_0009010	http://purl.obolibrary.org/obo/	http://purl.obolibrary.org/obo/omit.owl	[UNKNOWN EXPERIMENTS]
[NO TYPE]	 'Sus scrofa domesticus',	Sus scrofa		Good	NCBITaxon_9823	http://purl.obolibrary.org/obo/	https://www.ebi.ac.uk/metabolights	[UNKNOWN EXPERIMENTS]
[NO TYPE]	 'channel catfish',	channel catfish allergenic extract		Good	DRON_00837853	http://purl.obolibrary.org/obo/	http://purl.obolibrary.org/obo/dron.owl	[UNKNOWN EXPERIMENTS]
[NO TYPE]	 'human and other cells in culture',	Human Cells, Tissues, and Cellular and Tissue-Based Products Not Specified Elsewhere		Medium	NCIT_C133296	http://purl.obolibrary.org/obo/	http://purl.obolibrary.org/obo/ncit.owl	[UNKNOWN EXPERIMENTS]
[NO TYPE]	 'human and other cells in culture',	other human exposure		Medium	GENEPIO_0001554	http://purl.obolibrary.org/obo/	http://purl.obolibrary.org/obo/genepio.owl	[UNKNOWN EXPERIMENTS]
[NO TYPE]	 'northern leopard frog',	RV-Leopard frog		Good	NCBITaxon_72486	http://purl.obolibrary.org/obo/	http://purl.obolibrary.org/obo/ncbitaxon.owl	[UNKNOWN EXPERIMENTS]
[NO TYPE]	 'Melibe leonine',	Melibe		Medium	NCBITaxon_76177	http://purl.obolibrary.org/obo/	http://purl.obolibrary.org/obo/ncbitaxon.owl	[UNKNOWN EXPERIMENTS]
[NO TYPE]	 'Melibe leonine',	Melibe engeli		Medium	NCBITaxon_797235	http://purl.obolibrary.org/obo/	http://purl.obolibrary.org/obo/ncbitaxon.owl	[UNKNOWN EXPERIMENTS]
[NO TYPE]	 'cat',	cat-eye syndrome		Good	MONDO_0007276	http://purl.obolibrary.org/obo/	https://www.ebi.ac.uk/eva	[UNKNOWN EXPERIMENTS]
[NO TYPE]	 'Salmo salar',	Salmo salar		Good	NCBITaxon_8030	http://purl.obolibrary.org/obo/	https://www.ebi.ac.uk/vg/faang	[UNKNOWN EXPERIMENTS]
[NO TYPE]	 'Bombyx mori',	Bombyx mori		Good	NCBITaxon_7091	http://purl.obolibrary.org/obo/	https://www.ebi.ac.uk/gxa	[UNKNOWN EXPERIMENTS]
[NO TYPE]	 'Mammalia sp. AVB-2011',	Mammalia sp. AVB-2011		Medium	NCBITaxon_1002698	http://purl.obolibrary.org/obo/	http://purl.obolibrary.org/obo/ncbitaxon.owl	[UNKNOWN EXPERIMENTS]
[NO TYPE]	 'Mammalia sp. AVB-2011',	Mammalia sp. AVB-2011		Medium	VTO_0015576	http://purl.obolibrary.org/obo/	http://purl.obolibrary.org/obo/vto.owl	[UNKNOWN EXPERIMENTS]
[NO TYPE]	 'Ring-necked pheasant',	Ring-necked pheasant virus (organism)		Medium	407517000	http://snomed.info/id/	http://snomed.info/sct/900000000000207008	[UNKNOWN EXPERIMENTS]
[NO TYPE]	 'Ring-necked pheasant',	Ring Neck Pheasant (Phasianus Colchicus), Cyprus (Pheasant)		Medium	VBO_0011960	http://purl.obolibrary.org/obo/	http://purl.obolibrary.org/obo/vbo.owl	[UNKNOWN EXPERIMENTS]
[NO TYPE]	 'Paracyclopina nana',	Paracyclopina nana		Medium	NCBITaxon_565004	http://purl.obolibrary.org/obo/	http://purl.obolibrary.org/obo/ncbitaxon.owl	[UNKNOWN EXPERIMENTS]
[NO TYPE]	 'Paracyclopina nana',	Paracyclopina		Medium	NCBITaxon_565003	http://purl.obolibrary.org/obo/	http://purl.obolibrary.org/obo/ncbitaxon.owl	[UNKNOWN EXPERIMENTS]
[NO TYPE]	 'Gyps himalayensis',	Gyps himalayensis		Medium	NCBITaxon_36248	http://purl.obolibrary.org/obo/	http://purl.obolibrary.org/obo/ncbitaxon.owl	[UNKNOWN EXPERIMENTS]
[NO TYPE]	 'Gyps himalayensis',	Gyps himalayensis		Medium	VTO_0030995	http://purl.obolibrary.org/obo/	http://purl.obolibrary.org/obo/vto.owl	[UNKNOWN EXPERIMENTS]
[NO TYPE]	 'Neovison vison',	Neovison vison		Medium	VTO_0010586	http://purl.obolibrary.org/obo/	http://purl.obolibrary.org/obo/vto.owl	[UNKNOWN EXPERIMENTS]
[NO TYPE]	 'Neovison vison',	Neovison vison (organism)		Medium	447523007	http://snomed.info/id/	http://snomed.info/sct/900000000000207008	[UNKNOWN EXPERIMENTS]
[NO TYPE]	 'Bombus impatiens',	Bombus impatiens		Good	NCBITaxon_132113	http://purl.obolibrary.org/obo/	http://purl.obolibrary.org/obo/ncbitaxon.owl	[UNKNOWN EXPERIMENTS]
[NO TYPE]	 'SD rat',	SD/Rij, Rat Strain		Medium	NCIT_C14381	http://purl.obolibrary.org/obo/	http://purl.obolibrary.org/obo/ncit.owl	[UNKNOWN EXPERIMENTS]
[NO TYPE]	 'SD rat',	OFA SD, Rat Strain		Medium	NCIT_C76187	http://purl.obolibrary.org/obo/	http://purl.obolibrary.org/obo/ncit.owl	[UNKNOWN EXPERIMENTS]
[NO TYPE]	 'Fundulus heteroclitus',	Fundulus heteroclitus		Medium	TTO_1013993	http://purl.obolibrary.org/obo/	http://purl.obolibrary.org/obo/tto.owl	[UNKNOWN EXPERIMENTS]
[NO TYPE]	 'Fundulus heteroclitus',	Fundulus heteroclitus		Medium	VTO_0054174	http://purl.obolibrary.org/obo/	http://purl.obolibrary.org/obo/vto.owl	[UNKNOWN EXPERIMENTS]
[NO TYPE]	 'human',	Homo sapiens		Good	NCBITaxon_9606	http://purl.obolibrary.org/obo/	https://www.ebi.ac.uk/metabolights	[UNKNOWN EXPERIMENTS]
[NO TYPE]	 'herring gull',	nuclear export protein (Influenza A virus (strain A/Herring gull/DE/677/1988 H2N8))		Medium	PR_O57275	http://purl.obolibrary.org/obo/	http://purl.obolibrary.org/obo/pr.owl	[UNKNOWN EXPERIMENTS]
[NO TYPE]	 'herring gull',	non-structural protein 1 (Influenza A virus (strain A/Herring gull/DE/677/1988 H2N8))		Medium	PR_O57276	http://purl.obolibrary.org/obo/	http://purl.obolibrary.org/obo/pr.owl	[UNKNOWN EXPERIMENTS]
[NO TYPE]	 'all species',	weevilsDmg_E_0to9		Good	CO_348:1000036	http://www.cropontology.org/rdf/	http://www.cropontology.org/ontology/CO_348/Brassica	[UNKNOWN EXPERIMENTS]
[NO TYPE]	 'Bradysia hygida',	Bradysia hygida		Medium	NCBITaxon_35572	http://purl.obolibrary.org/obo/	http://purl.obolibrary.org/obo/ncbitaxon.owl	[UNKNOWN EXPERIMENTS]
[NO TYPE]	 'Bradysia hygida',	Bradysia		Medium	NCBITaxon_35571	http://purl.obolibrary.org/obo/	http://purl.obolibrary.org/obo/ncbitaxon.owl	[UNKNOWN EXPERIMENTS]
[NO TYPE]	 'guinea pig',	Guinea pig, United Republic of Tanzania (Guinea pig)		Good	VBO_0010242	http://purl.obolibrary.org/obo/	http://purl.obolibrary.org/obo/vbo.owl	[UNKNOWN EXPERIMENTS]
[NO TYPE]	 'Oryctolagus cuniculus',	Oryctolagus cuniculus		Good	NCBITaxon_9986	http://purl.obolibrary.org/obo/	https://www.ebi.ac.uk/metabolights	[UNKNOWN EXPERIMENTS]
[NO TYPE]	 'pigs',	pig breed		Medium	LBO_0000003	http://purl.obolibrary.org/obo/	https://www.ebi.ac.uk/vg/faang	[UNKNOWN EXPERIMENTS]
[NO TYPE]	 'pigs',	Pig crossbreed		Medium	LBO_0001040	http://purl.obolibrary.org/obo/	https://www.ebi.ac.uk/vg/faang	[UNKNOWN EXPERIMENTS]
[NO TYPE]	 'Grapholita molesta',	Grapholita molesta		Medium	NCBITaxon_192188	http://purl.obolibrary.org/obo/	http://purl.obolibrary.org/obo/ncbitaxon.owl	[UNKNOWN EXPERIMENTS]
[NO TYPE]	 'Grapholita molesta',	Grapholita		Medium	NCBITaxon_293340	http://purl.obolibrary.org/obo/	http://purl.obolibrary.org/obo/ncbitaxon.owl	[UNKNOWN EXPERIMENTS]
[NO TYPE]	 'red-eared slider',	Red-eared slider ranavirus		Medium	NCBITaxon_2736690	http://purl.obolibrary.org/obo/	http://purl.obolibrary.org/obo/ncbitaxon.owl	[UNKNOWN EXPERIMENTS]
[NO TYPE]	 'red-eared slider',	Red eared slider adenovirus		Medium	NCBITaxon_1215921	http://purl.obolibrary.org/obo/	http://purl.obolibrary.org/obo/ncbitaxon.owl	[UNKNOWN EXPERIMENTS]
[NO TYPE]	 'medaka',	Medaka Hepatoma		Good	NCIT_C134571	http://purl.obolibrary.org/obo/	http://purl.obolibrary.org/obo/ncit.owl	[UNKNOWN EXPERIMENTS]
[NO TYPE]	 'Bos taurus',	Bos taurus		Good	NCBITaxon_9913	http://purl.obolibrary.org/obo/	https://www.ebi.ac.uk/gxa	[UNKNOWN EXPERIMENTS]
[NO TYPE]	 'Gyps rueppelli',	Gyps rueppelli		Medium	NCBITaxon_8967	http://purl.obolibrary.org/obo/	http://purl.obolibrary.org/obo/ncbitaxon.owl	[UNKNOWN EXPERIMENTS]
[NO TYPE]	 'Gyps rueppelli',	Gyps		Medium	VTO_0030993	http://purl.obolibrary.org/obo/	http://purl.obolibrary.org/obo/vto.owl	[UNKNOWN EXPERIMENTS]
[NO TYPE]	 'Artemia salina',	Artemia salina		Good	NCBITaxon_85549	http://purl.obolibrary.org/obo/	http://purl.obolibrary.org/obo/foodon.owl	[UNKNOWN EXPERIMENTS]
[NO TYPE]	 'Syrian hamsters',	Mesocricetus auratus		Medium	NCBITaxon_10036	http://purl.obolibrary.org/obo/	http://www.ebi.ac.uk/efo/efo.owl	[UNKNOWN EXPERIMENTS]
[NO TYPE]	 'Syrian hamsters',	Cricetinae		Medium	NCBITaxon_10026	http://purl.obolibrary.org/obo/	http://purl.obolibrary.org/obo/ohpi.owl	[UNKNOWN EXPERIMENTS]
[NO TYPE]	 'Daphnia pulex',	Daphnia pulex		Good	NCBITaxon_6669	http://purl.obolibrary.org/obo/	https://www.ebi.ac.uk/metabolights	[UNKNOWN EXPERIMENTS]
[NO TYPE]	 'Gyps fulvus',	Gyps fulvus		Medium	VTO_0031001	http://purl.obolibrary.org/obo/	http://purl.obolibrary.org/obo/vto.owl	[UNKNOWN EXPERIMENTS]
[NO TYPE]	 'Gyps fulvus',	Gyps fulvus		Medium	NCBITaxon_36247	http://purl.obolibrary.org/obo/	http://purl.obolibrary.org/obo/ncbitaxon.owl	[UNKNOWN EXPERIMENTS]
[NO TYPE]	 'Sus scrofa',	Sus scrofa		Good	NCBITaxon_9823	http://purl.obolibrary.org/obo/	https://www.ebi.ac.uk/gxa	[UNKNOWN EXPERIMENTS]
[NO TYPE]	 'Gallus gallus',	Gallus gallus		Good	NCBITaxon_9031	http://purl.obolibrary.org/obo/	https://www.ebi.ac.uk/gxa	[UNKNOWN EXPERIMENTS]
[NO TYPE]	 'turkey',	Turkey, Japan (Turkey)		Good	VBO_0016772	http://purl.obolibrary.org/obo/	http://purl.obolibrary.org/obo/vbo.owl	[UNKNOWN EXPERIMENTS]
[NO TYPE]	 'Lynx canadensis',	Lynx canadensis		Medium	NCBITaxon_61383	http://purl.obolibrary.org/obo/	http://purl.obolibrary.org/obo/ncbitaxon.owl	[UNKNOWN EXPERIMENTS]
[NO TYPE]	 'Lynx canadensis',	Lynx canadensis		Medium	VTO_0010801	http://purl.obolibrary.org/obo/	http://purl.obolibrary.org/obo/vto.owl	[UNKNOWN EXPERIMENTS]
[NO TYPE]	 'Microgadus tomcod',	Microgadus tomcod		Good	TTO_1011974	http://purl.obolibrary.org/obo/	http://purl.obolibrary.org/obo/tto.owl	[UNKNOWN EXPERIMENTS]
[NO TYPE]	 'Xenopus (Silurana) epitropicalis',	Xenopus epitropicalis		Medium	NCBITaxon_224340	http://purl.obolibrary.org/obo/	http://purl.obolibrary.org/obo/ncbitaxon.owl	[UNKNOWN EXPERIMENTS]
[NO TYPE]	 'Xenopus (Silurana) epitropicalis',	Xenopus epitropicalis		Medium	VTO_0081590	http://purl.obolibrary.org/obo/	http://purl.obolibrary.org/obo/vto.owl	[UNKNOWN EXPERIMENTS]
[NO TYPE]	 'Rattus sp.',	Rattus sp.		Good	VTO_0014900	http://purl.obolibrary.org/obo/	http://purl.obolibrary.org/obo/vto.owl	[UNKNOWN EXPERIMENTS]
[NO TYPE]	 'gilthead bream',	Gilthead sea bream Iberian betanodavirus		Good	NCBITaxon_683177	http://purl.obolibrary.org/obo/	http://purl.obolibrary.org/obo/ncbitaxon.owl	[UNKNOWN EXPERIMENTS]
[NO TYPE]	 'Sphenodon punctatus',	Sphenodon punctatus		Medium	NCBITaxon_8508	http://purl.obolibrary.org/obo/	http://purl.obolibrary.org/obo/ncbitaxon.owl	[UNKNOWN EXPERIMENTS]
[NO TYPE]	 'Sphenodon punctatus',	Sphenodon punctatus		Medium	VTO_0015594	http://purl.obolibrary.org/obo/	http://purl.obolibrary.org/obo/vto.owl	[UNKNOWN EXPERIMENTS]
[NO TYPE]	 'dogs',	Dogs		Medium	OMIT_0005542	http://purl.obolibrary.org/obo/	http://purl.obolibrary.org/obo/omit.owl	[UNKNOWN EXPERIMENTS]
[NO TYPE]	 'dogs',	Raccoon Dogs		Medium	OMIT_0023725	http://purl.obolibrary.org/obo/	http://purl.obolibrary.org/obo/omit.owl	[UNKNOWN EXPERIMENTS]
[NO TYPE]	 'Daphnia middendorffiana',	Daphnia middendorffiana		Medium	NCBITaxon_35526	http://purl.obolibrary.org/obo/	http://purl.obolibrary.org/obo/ncbitaxon.owl	[UNKNOWN EXPERIMENTS]
[NO TYPE]	 'Daphnia middendorffiana',	Daphnia cf. middendorffiana BOLD:AAA6745		Medium	NCBITaxon_1071232	http://purl.obolibrary.org/obo/	http://purl.obolibrary.org/obo/ncbitaxon.owl	[UNKNOWN EXPERIMENTS]
[NO TYPE]	 'American kestrel',	Kestrel (organism)		Good	18013001	http://snomed.info/id/	http://snomed.info/sct/900000000000207008	[UNKNOWN EXPERIMENTS]
[NO TYPE]	 'tree shrew',	Malayan tree shrew (organism)		Medium	67692005	http://snomed.info/id/	http://snomed.info/sct/900000000000207008	[UNKNOWN EXPERIMENTS]
[NO TYPE]	 'tree shrew',	Philippine tree shrew (organism)		Medium	34477004	http://snomed.info/id/	http://snomed.info/sct/900000000000207008	[UNKNOWN EXPERIMENTS]
[NO TYPE]	 'Erinaceus europaeus',	Erinaceus europaeus		Medium	VTO_0008614	http://purl.obolibrary.org/obo/	http://purl.obolibrary.org/obo/vto.owl	[UNKNOWN EXPERIMENTS]
[NO TYPE]	 'Erinaceus europaeus',	Erinaceus europaeus		Medium	NCBITaxon_9365	http://purl.obolibrary.org/obo/	http://purl.obolibrary.org/obo/ncbitaxon.owl	[UNKNOWN EXPERIMENTS]
[NO TYPE]	 'cynomolgus monkey',	Cynomolgus Monkey		Medium	NCIT_C14232	http://purl.obolibrary.org/obo/	http://purl.obolibrary.org/obo/ncit.owl	[UNKNOWN EXPERIMENTS]
[NO TYPE]	 'cynomolgus monkey',	Cynomolgus Maritius Monkey		Medium	NCIT_C77113	http://purl.obolibrary.org/obo/	http://purl.obolibrary.org/obo/ncit.owl	[UNKNOWN EXPERIMENTS]
[NO TYPE]	 'Spisula solidissima',	Spisula solidissima		Good	NCBITaxon_6584	http://purl.obolibrary.org/obo/	https://raw.githubusercontent.com/enpadasi/Ontology-for-Nutritional-Studies/master/ons.owl	[UNKNOWN EXPERIMENTS]
[NO TYPE]	 'Mus musculus musculus',	Mus musculus domesticus		Medium	NCBITaxon_10092	http://purl.obolibrary.org/obo/	https://www.ebi.ac.uk/gxa	[UNKNOWN EXPERIMENTS]
[NO TYPE]	 'Mus musculus musculus',	Mus musculus		Medium	NCBITaxon_10090	http://purl.obolibrary.org/obo/	https://www.ebi.ac.uk/gxa	[UNKNOWN EXPERIMENTS]
[NO TYPE]	 'Mus musculus musculus',	Mus musculus strain type		Medium	EFO_0004000	http://www.ebi.ac.uk/efo/	https://www.ebi.ac.uk/gxa	[UNKNOWN EXPERIMENTS]
[NO TYPE]	 'Invertebrates',	Invertebrates		Medium	OMIT_0008565	http://purl.obolibrary.org/obo/	http://purl.obolibrary.org/obo/omit.owl	[UNKNOWN EXPERIMENTS]
[NO TYPE]	 'Invertebrates',	Invertebrates, Marine		Medium	NCIT_C14360	http://purl.obolibrary.org/obo/	http://purl.obolibrary.org/obo/ncit.owl	[UNKNOWN EXPERIMENTS]
[NO TYPE]	 'eisenia fetida',	Eisenia fetida		Good	NCBITaxon_6396	http://purl.obolibrary.org/obo/	https://www.ebi.ac.uk/metabolights	[UNKNOWN EXPERIMENTS]
[NO TYPE]	 'Strigops habroptilus',	Strigops habroptilus		Good	VTO_0023515	http://purl.obolibrary.org/obo/	http://purl.obolibrary.org/obo/vto.owl	[UNKNOWN EXPERIMENTS]
[NO TYPE]	 'Oreochromis niloticus',	Oreochromis niloticus		Good	TTO_1019780	http://purl.obolibrary.org/obo/	http://purl.obolibrary.org/obo/tto.owl	[UNKNOWN EXPERIMENTS]
[NO TYPE]	 'Mytilus galloprovincialis',	Mytilus galloprovincialis		Good	NCBITaxon_29158	http://purl.obolibrary.org/obo/	https://raw.githubusercontent.com/enpadasi/Ontology-for-Nutritional-Studies/master/ons.owl	[UNKNOWN EXPERIMENTS]
[NO TYPE]	 'Hyalophora cecropia',	Hyalophora cecropia		Medium	NCBITaxon_7123	http://purl.obolibrary.org/obo/	http://purl.obolibrary.org/obo/ncbitaxon.owl	[UNKNOWN EXPERIMENTS]
[NO TYPE]	 'Hyalophora cecropia',	Hyalophora		Medium	NCBITaxon_7122	http://purl.obolibrary.org/obo/	http://purl.obolibrary.org/obo/ncbitaxon.owl	[UNKNOWN EXPERIMENTS]
[NO TYPE]	 'Primates sp. BOLD:AAA0001',	Primates sp. BOLD:AAA0001		Medium	NCBITaxon_976298	http://purl.obolibrary.org/obo/	http://purl.obolibrary.org/obo/ncbitaxon.owl	[UNKNOWN EXPERIMENTS]
[NO TYPE]	 'Primates sp. BOLD:AAA0001',	Primates sp. BOLD:AAA0001		Medium	VTO_0011797	http://purl.obolibrary.org/obo/	http://purl.obolibrary.org/obo/vto.owl	[UNKNOWN EXPERIMENTS]
[NO TYPE]	 'nematode',	nematode		Good	IDOMAL_0001272	http://purl.obolibrary.org/obo/	http://purl.obolibrary.org/obo/idomal.owl	[UNKNOWN EXPERIMENTS]
[NO TYPE]	 'lowland gorilla',	Western lowland gorilla simian foamy virus		Good	NCBITaxon_2170204	http://purl.obolibrary.org/obo/	http://purl.obolibrary.org/obo/ncbitaxon.owl	[UNKNOWN EXPERIMENTS]
[NO TYPE]	 'Tupaia belangeri',	Tupaia belangeri		Medium	NCBITaxon_37347	http://purl.obolibrary.org/obo/	http://purl.obolibrary.org/obo/ncbitaxon.owl	[UNKNOWN EXPERIMENTS]
[NO TYPE]	 'Tupaia belangeri',	Tupaia belangeri		Medium	VTO_0011598	http://purl.obolibrary.org/obo/	http://purl.obolibrary.org/obo/vto.owl	[UNKNOWN EXPERIMENTS]
[NO TYPE]	 'Philosamia ricini',	Philosamia cynthia ricini nucleopolyhedrovirus virus		Good	NCBITaxon_1234615	http://purl.obolibrary.org/obo/	http://purl.obolibrary.org/obo/ncbitaxon.owl	[UNKNOWN EXPERIMENTS]
[NO TYPE]	 'Pig',	pig breed		Medium	LBO_0000003	http://purl.obolibrary.org/obo/	https://www.ebi.ac.uk/vg/faang	[UNKNOWN EXPERIMENTS]
[NO TYPE]	 'Pig',	Pig crossbreed		Medium	LBO_0001040	http://purl.obolibrary.org/obo/	https://www.ebi.ac.uk/vg/faang	[UNKNOWN EXPERIMENTS]
[NO TYPE]	 'Panthera tigris jacksoni',	Panthera tigris jacksoni		Medium	NCBITaxon_419130	http://purl.obolibrary.org/obo/	http://purl.obolibrary.org/obo/ncbitaxon.owl	[UNKNOWN EXPERIMENTS]
[NO TYPE]	 'Panthera tigris jacksoni',	Panthera tigris		Medium	VTO_0010827	http://purl.obolibrary.org/obo/	http://purl.obolibrary.org/obo/vto.owl	[UNKNOWN EXPERIMENTS]
[NO TYPE]	 'bobwhite quail',	Colinus virginianus		Good	NCBITaxon_9014	http://purl.obolibrary.org/obo/	http://purl.obolibrary.org/obo/foodon.owl	[UNKNOWN EXPERIMENTS]
[NO TYPE]	 'bivalves',	Bivalvia		Good	NCBITaxon_6544	http://purl.obolibrary.org/obo/	http://purl.obolibrary.org/obo/pso.owl#	[UNKNOWN EXPERIMENTS]
[NO TYPE]	 'Anopheles gambiae',	Anopheles gambiae		Good	NCBITaxon_7165	http://purl.obolibrary.org/obo/	https://www.ebi.ac.uk/gxa	[UNKNOWN EXPERIMENTS]
[NO TYPE]	 'chickens',	chicken breed		Medium	LBO_0000002	http://purl.obolibrary.org/obo/	https://www.ebi.ac.uk/vg/faang	[UNKNOWN EXPERIMENTS]
[NO TYPE]	 'chickens',	Chicken crossbreed		Medium	LBO_0001037	http://purl.obolibrary.org/obo/	https://www.ebi.ac.uk/vg/faang	[UNKNOWN EXPERIMENTS]
[NO TYPE]	 'Panonychus citri',	Panonychus citri		Medium	NCBITaxon_50023	http://purl.obolibrary.org/obo/	http://purl.obolibrary.org/obo/ncbitaxon.owl	[UNKNOWN EXPERIMENTS]
[NO TYPE]	 'Panonychus citri',	Panonychus citri mivirus		Medium	NCBITaxon_2760845	http://purl.obolibrary.org/obo/	http://purl.obolibrary.org/obo/ncbitaxon.owl	[UNKNOWN EXPERIMENTS]
[NO TYPE]	 'Eastern bluebird',	Bluebird Creek		Medium	GAZ_00285320	http://purl.obolibrary.org/obo/	http://purl.obolibrary.org/obo/gaz	[UNKNOWN EXPERIMENTS]
[NO TYPE]	 'Eastern bluebird',	Bluebird Creek		Medium	GAZ_00300343	http://purl.obolibrary.org/obo/	http://purl.obolibrary.org/obo/gaz	[UNKNOWN EXPERIMENTS]
[NO TYPE]	 'Canis lupus',	Canis lupus familiaris		Good	NCBITaxon_9615	http://purl.obolibrary.org/obo/	https://www.ebi.ac.uk/gxa	[UNKNOWN EXPERIMENTS]
[NO TYPE]	 'Odocoileus virginianus',	Odocoileus virginianus		Medium	VTO_0011289	http://purl.obolibrary.org/obo/	http://purl.obolibrary.org/obo/vto.owl	[UNKNOWN EXPERIMENTS]
[NO TYPE]	 'Odocoileus virginianus',	White-tailed, Suriname (Deer)		Medium	VBO_0007984	http://purl.obolibrary.org/obo/	http://purl.obolibrary.org/obo/vbo.owl	[UNKNOWN EXPERIMENTS]
[NO TYPE]	 'bluefin tuna',	Thunnus thynnus		Good	NCBITaxon_8237	http://purl.obolibrary.org/obo/	http://www.ebi.ac.uk/efo/efo.owl	[UNKNOWN EXPERIMENTS]
[NO TYPE]	 'European rabbit',	Oryctolagus cuniculus		Good	NCBITaxon_9986	http://purl.obolibrary.org/obo/	http://purl.obolibrary.org/obo/ohpi.owl	[UNKNOWN EXPERIMENTS]
[NO TYPE]	 'Haliaeetus leucocephalus',	Haliaeetus leucocephalus		Good	VTO_0031049	http://purl.obolibrary.org/obo/	http://purl.obolibrary.org/obo/vto.owl	[UNKNOWN EXPERIMENTS]
[NO TYPE]	 'Lemna gibba',	Lemna gibba		Good	NCBITaxon_4470	http://purl.obolibrary.org/obo/	https://www.ebi.ac.uk/metabolights	[UNKNOWN EXPERIMENTS]
[NO TYPE]	 'Daphnia parvula',	Daphnia parvula		Medium	NCBITaxon_132684	http://purl.obolibrary.org/obo/	http://purl.obolibrary.org/obo/ncbitaxon.owl	[UNKNOWN EXPERIMENTS]
[NO TYPE]	 'Daphnia parvula',	Daphnia cf. parvula sp. 2 Argentina		Medium	NCBITaxon_575217	http://purl.obolibrary.org/obo/	http://purl.obolibrary.org/obo/ncbitaxon.owl	[UNKNOWN EXPERIMENTS]
[NO TYPE]	 'Mustela putorius furo',	Mustela putorius furo		Good	NCIT_C161001	http://purl.obolibrary.org/obo/	http://purl.obolibrary.org/obo/ncit.owl	[UNKNOWN EXPERIMENTS]
[NO TYPE]	 'Macaca fascicularis',	Macaca fascicularis		Good	NCBITaxon_9541	http://purl.obolibrary.org/obo/	https://www.ebi.ac.uk/gxa	[UNKNOWN EXPERIMENTS]
[NO TYPE]	 'rodentia',	Rodentia		Medium	NCIT_C14270	http://purl.obolibrary.org/obo/	http://purl.obolibrary.org/obo/ncit.owl	[UNKNOWN EXPERIMENTS]
[NO TYPE]	 'rodentia',	Rodentia		Medium	OMIT_0013284	http://purl.obolibrary.org/obo/	http://purl.obolibrary.org/obo/omit.owl	[UNKNOWN EXPERIMENTS]
[NO TYPE]	 'Mesocricetus auratus',	Syrian Hamster		Good	NCIT_C77095	http://purl.obolibrary.org/obo/	http://purl.obolibrary.org/obo/ncit.owl	[UNKNOWN EXPERIMENTS]
[NO TYPE]	 'Oncorhynchus mykiss',	Oncorhynchus mykiss		Good	NCBITaxon_8022	http://purl.obolibrary.org/obo/	https://www.ebi.ac.uk/vg/faang	[UNKNOWN EXPERIMENTS]
[NO TYPE]	 'tritonea diomedea',	Diomedea		Medium	VTO_0032758	http://purl.obolibrary.org/obo/	http://purl.obolibrary.org/obo/vto.owl	[UNKNOWN EXPERIMENTS]
[NO TYPE]	 'tritonea diomedea',	Diomedea		Medium	NCBITaxon_37068	http://purl.obolibrary.org/obo/	http://purl.obolibrary.org/obo/ncbitaxon.owl	[UNKNOWN EXPERIMENTS]
[NO TYPE]	 'Xenopus (Silurana) n. sp. tetraploid-1',	Xenopus (Silurana) sp. BOLD:AAH0940		Good	NCBITaxon_698687	http://purl.obolibrary.org/obo/	http://purl.obolibrary.org/obo/ncbitaxon.owl	[UNKNOWN EXPERIMENTS]
[NO TYPE]	 'Order carcharhiniformes',	Carcharhiniformes		Medium	TTO_1087	http://purl.obolibrary.org/obo/	http://purl.obolibrary.org/obo/tto.owl	[UNKNOWN EXPERIMENTS]
[NO TYPE]	 'Order carcharhiniformes',	Carcharhiniformes		Medium	VTO_0000124	http://purl.obolibrary.org/obo/	http://purl.obolibrary.org/obo/vto.owl	[UNKNOWN EXPERIMENTS]
[NO TYPE]	 'Chlamydomonas reinhardtii',	Chlamydomonas reinhardtii		High	NCBITaxon_3055	http://purl.obolibrary.org/obo/	https://www.ebi.ac.uk/gxa	[UNKNOWN EXPERIMENTS]
[NO TYPE]	 'Odocoileus hemionus',	Odocoileus hemionus		Good	VTO_0011290	http://purl.obolibrary.org/obo/	http://purl.obolibrary.org/obo/vto.owl	[UNKNOWN EXPERIMENTS]
[NO TYPE]	 'honeybee',	honeybee metagenome		Good	NCBITaxon_910258	http://purl.obolibrary.org/obo/	http://purl.obolibrary.org/obo/ncbitaxon.owl	[UNKNOWN EXPERIMENTS]
[NO TYPE]	 'Cynops pyrrhogaster',	Cynops pyrrhogaster		Medium	VTO_0002023	http://purl.obolibrary.org/obo/	http://purl.obolibrary.org/obo/vto.owl	[UNKNOWN EXPERIMENTS]
[NO TYPE]	 'Cynops pyrrhogaster',	Cynops pyrrhogaster		Medium	NCBITaxon_8330	http://purl.obolibrary.org/obo/	http://purl.obolibrary.org/obo/ncbitaxon.owl	[UNKNOWN EXPERIMENTS]
[NO TYPE]	 'Aonyx cinereus',	Aonyx cinereus		Medium	NCBITaxon_452597	http://purl.obolibrary.org/obo/	http://purl.obolibrary.org/obo/ncbitaxon.owl	[UNKNOWN EXPERIMENTS]
[NO TYPE]	 'Aonyx cinereus',	Aonyx cinereus (organism)		Medium	445080004	http://snomed.info/id/	http://snomed.info/sct/900000000000207008	[UNKNOWN EXPERIMENTS]
[NO TYPE]	 'Atlantic killifish',	Fundulus heteroclitus		Good	NCBITaxon_8078	http://purl.obolibrary.org/obo/	http://purl.obolibrary.org/obo/foodon.owl	[UNKNOWN EXPERIMENTS]
[NO TYPE]	 'rats',	colitis		Medium	EFO_0003872	http://www.ebi.ac.uk/efo/	https://www.ebi.ac.uk/gxa	[UNKNOWN EXPERIMENTS]
[NO TYPE]	 'rats',	ZDF		Medium	RS_0001101	http://purl.obolibrary.org/obo/	https://www.ebi.ac.uk/gxa	[UNKNOWN EXPERIMENTS]
[NO TYPE]	 'Echinogammarus marinus',	Echinogammarus		Medium	NCBITaxon_248952	http://purl.obolibrary.org/obo/	http://purl.obolibrary.org/obo/ncbitaxon.owl	[UNKNOWN EXPERIMENTS]
[NO TYPE]	 'Echinogammarus marinus',	mannosylglycerate synthase (Rhodothermus marinus)		Medium	PR_Q9RFR0	http://purl.obolibrary.org/obo/	http://purl.obolibrary.org/obo/pr.owl	[UNKNOWN EXPERIMENTS]
[NO TYPE]	 'Bubalus bubalis',	Bubalus bubalis		Good	NCBITaxon_89462	http://purl.obolibrary.org/obo/	https://www.ebi.ac.uk/vg/faang	[UNKNOWN EXPERIMENTS]
[NO TYPE]	 'Oncorhynchus keta',	Oncorhynchus keta		Medium	TTO_1010565	http://purl.obolibrary.org/obo/	http://purl.obolibrary.org/obo/tto.owl	[UNKNOWN EXPERIMENTS]
[NO TYPE]	 'Oncorhynchus keta',	Oncorhynchus keta		Medium	OMIT_0017992	http://purl.obolibrary.org/obo/	http://purl.obolibrary.org/obo/omit.owl	[UNKNOWN EXPERIMENTS]
[NO TYPE]	 'rhesus monkeys',	Macaca mulatta		Good	NCBITaxon_9544	http://purl.obolibrary.org/obo/	https://bio.scai.fraunhofer.de/ontology/epilepsy	[UNKNOWN EXPERIMENTS]
[NO TYPE]	 'Xenopus laevis',	Xenopus laevis		Good	NCBITaxon_8355	http://purl.obolibrary.org/obo/	https://www.ebi.ac.uk/gxa	[UNKNOWN EXPERIMENTS]
[NO TYPE]	 'Cavia porcellus',	Cavia porcellus		Good	VTO_0012605	http://purl.obolibrary.org/obo/	http://purl.obolibrary.org/obo/vto.owl	[UNKNOWN EXPERIMENTS]
[NO TYPE]	 'Ovis orientalis aries',	Ovis aries		Good	NCIT_C161044	http://purl.obolibrary.org/obo/	http://purl.obolibrary.org/obo/ncit.owl	[UNKNOWN EXPERIMENTS]
[NO TYPE]	 'Phasianus colchicus',	Phasianus colchicus		Medium	VTO_0031706	http://purl.obolibrary.org/obo/	http://purl.obolibrary.org/obo/vto.owl	[UNKNOWN EXPERIMENTS]
[NO TYPE]	 'Phasianus colchicus',	Phasianus colchicus		Medium	NCBITaxon_9054	http://purl.obolibrary.org/obo/	http://purl.obolibrary.org/obo/ncbitaxon.owl	[UNKNOWN EXPERIMENTS]
[NO TYPE]	 'Rana cyanophlyetis',	Rana <subgenus>		Medium	NCBITaxon_121175	http://purl.obolibrary.org/obo/	http://purl.obolibrary.org/obo/foodon.owl	[UNKNOWN EXPERIMENTS]
[NO TYPE]	 'Rana cyanophlyetis',	Rana <genus>		Medium	NCBITaxon_8399	http://purl.obolibrary.org/obo/	http://purl.obolibrary.org/obo/foodon.owl	[UNKNOWN EXPERIMENTS]
[NO TYPE]	 'Honey bee',	Apis mellifera		Good	NCBITaxon_7460	http://purl.obolibrary.org/obo/	http://purl.obolibrary.org/obo/pr.owl	[UNKNOWN EXPERIMENTS]
[NO TYPE]	 'Locusta migratoria',	Locusta migratoria		Good	OMIT_0024021	http://purl.obolibrary.org/obo/	http://purl.obolibrary.org/obo/omit.owl	[UNKNOWN EXPERIMENTS]
[NO TYPE]	 'Gyps coprotheres',	Gyps coprotheres		Medium	NCBITaxon_8966	http://purl.obolibrary.org/obo/	http://purl.obolibrary.org/obo/ncbitaxon.owl	[UNKNOWN EXPERIMENTS]
[NO TYPE]	 'Gyps coprotheres',	Gyps coprotheres		Medium	VTO_0030996	http://purl.obolibrary.org/obo/	http://purl.obolibrary.org/obo/vto.owl	[UNKNOWN EXPERIMENTS]
[NO TYPE]	 'chaetanaphothrips orchidii',	Chaetanaphothrips orchidii		Good	NCBITaxon_1675519	http://purl.obolibrary.org/obo/	http://purl.obolibrary.org/obo/ncbitaxon.owl	[UNKNOWN EXPERIMENTS]
[NO TYPE]	 'Mus sp. 2000082',	Mus sp. 2000082		Medium	VTO_0014659	http://purl.obolibrary.org/obo/	http://purl.obolibrary.org/obo/vto.owl	[UNKNOWN EXPERIMENTS]
[NO TYPE]	 'Mus sp. 2000082',	Mus sp. 2000082		Medium	NCBITaxon_310402	http://purl.obolibrary.org/obo/	http://purl.obolibrary.org/obo/ncbitaxon.owl	[UNKNOWN EXPERIMENTS]
[NO TYPE]	 'hydra',	Hydra		Good	OMIT_0007970	http://purl.obolibrary.org/obo/	http://purl.obolibrary.org/obo/omit.owl	[UNKNOWN EXPERIMENTS]
[NO TYPE]	 'Daphnia pulicaria',	Daphnia pulicaria		Good	NCBITaxon_35523	http://purl.obolibrary.org/obo/	http://purl.obolibrary.org/obo/ncbitaxon.owl	[UNKNOWN EXPERIMENTS]
[NO TYPE]	 'zebrafish',	Zebrafish		Good	OMIT_0015849	http://purl.obolibrary.org/obo/	http://purl.obolibrary.org/obo/omit.owl	[UNKNOWN EXPERIMENTS]
[NO TYPE]	 'Lepeophtheirus salmonis',	Lepeophtheirus salmonis		Good	NCBITaxon_72036	http://purl.obolibrary.org/obo/	http://purl.obolibrary.org/obo/ncbitaxon.owl	[UNKNOWN EXPERIMENTS]
[NO TYPE]	 'Castor fiber',	Castor fiber		Medium	NCBITaxon_10185	http://purl.obolibrary.org/obo/	http://purl.obolibrary.org/obo/ncbitaxon.owl	[UNKNOWN EXPERIMENTS]
[NO TYPE]	 'Castor fiber',	Castor fiber		Medium	VTO_0012969	http://purl.obolibrary.org/obo/	http://purl.obolibrary.org/obo/vto.owl	[UNKNOWN EXPERIMENTS]
[NO TYPE]	 'Mus musculus',	Mus musculus		Good	NCBITaxon_10090	http://purl.obolibrary.org/obo/	https://www.ebi.ac.uk/gxa	[UNKNOWN EXPERIMENTS]
[NO TYPE]	 'Canis familiaris',	Canis lupus familiaris		Good	NCBITaxon_9615	http://purl.obolibrary.org/obo/	https://www.ebi.ac.uk/gxa	[UNKNOWN EXPERIMENTS]
[NO TYPE]	 'Chilo suppressalis',	Chilo suppressalis		Medium	NCBITaxon_168631	http://purl.obolibrary.org/obo/	http://purl.obolibrary.org/obo/ncbitaxon.owl	[UNKNOWN EXPERIMENTS]
[NO TYPE]	 'Chilo suppressalis',	Chilo suppressalis exposure		Medium	PECO_0007279	http://purl.obolibrary.org/obo/	http://purl.obolibrary.org/obo/peco.owl	[UNKNOWN EXPERIMENTS]
[NO TYPE]	 'fathead minnow',	Fathead minnow nidovirus 1		Good	NCBITaxon_1965074	http://purl.obolibrary.org/obo/	http://purl.obolibrary.org/obo/ncbitaxon.owl	[UNKNOWN EXPERIMENTS]
[NO TYPE]	 'canine heartworm nematode',	nematode		Good	IDOMAL_0001272	http://purl.obolibrary.org/obo/	http://purl.obolibrary.org/obo/idomal.owl	[UNKNOWN EXPERIMENTS]
[NO TYPE]	 'Gyps africanus',	Gyps africanus		Medium	NCBITaxon_43490	http://purl.obolibrary.org/obo/	http://purl.obolibrary.org/obo/ncbitaxon.owl	[UNKNOWN EXPERIMENTS]
[NO TYPE]	 'Gyps africanus',	Gyps africanus		Medium	VTO_0030999	http://purl.obolibrary.org/obo/	http://purl.obolibrary.org/obo/vto.owl	[UNKNOWN EXPERIMENTS]
[NO TYPE]	 'Trichoplusia ni',	Trichoplusia ni		Good	NCBITaxon_7111	http://purl.obolibrary.org/obo/	http://purl.obolibrary.org/obo/ncbitaxon.owl	[UNKNOWN EXPERIMENTS]
[NO TYPE]	 'Nycticorax nycticorax',	Nycticorax		Good	VTO_0032484	http://purl.obolibrary.org/obo/	http://purl.obolibrary.org/obo/vto.owl	[UNKNOWN EXPERIMENTS]
[NO TYPE]	 'Rattus sp. ABTC 43906',	Rattus sp. ABTC 43906		Medium	VTO_0014859	http://purl.obolibrary.org/obo/	http://purl.obolibrary.org/obo/vto.owl	[UNKNOWN EXPERIMENTS]
[NO TYPE]	 'Rattus sp. ABTC 43906',	Rattus sp. ABTC 43906		Medium	NCBITaxon_435440	http://purl.obolibrary.org/obo/	http://purl.obolibrary.org/obo/ncbitaxon.owl	[UNKNOWN EXPERIMENTS]
[NO TYPE]	 'Macaca mulatta',	Macaca mulatta		Good	NCBITaxon_9544	http://purl.obolibrary.org/obo/	https://www.ebi.ac.uk/gxa	[UNKNOWN EXPERIMENTS]
[NO TYPE]	 'Lampsilis fasciola',	Lampsilis fasciola		Medium	NCBITaxon_96915	http://purl.obolibrary.org/obo/	http://purl.obolibrary.org/obo/ncbitaxon.owl	[UNKNOWN EXPERIMENTS]
[NO TYPE]	 'Lampsilis fasciola',	Fasciola		Medium	NCIT_C122021	http://purl.obolibrary.org/obo/	http://purl.obolibrary.org/obo/ncit.owl	[UNKNOWN EXPERIMENTS]
[NO TYPE]	 'Colinus virginianus',	Colinus virginianus		Good	VTO_0031667	http://purl.obolibrary.org/obo/	http://purl.obolibrary.org/obo/vto.owl	[UNKNOWN EXPERIMENTS]
[NO TYPE]	 'Aphis glycines',	Aphis glycines		Medium	NCBITaxon_307491	http://purl.obolibrary.org/obo/	http://purl.obolibrary.org/obo/ncbitaxon.owl	[UNKNOWN EXPERIMENTS]
[NO TYPE]	 'Aphis glycines',	Aphis glycines virus		Medium	NCBITaxon_1435459	http://purl.obolibrary.org/obo/	http://purl.obolibrary.org/obo/ncbitaxon.owl	[UNKNOWN EXPERIMENTS]
[NO TYPE]	 'Helix lucorum',	Helix lucorum		Medium	NCBITaxon_31229	http://purl.obolibrary.org/obo/	http://purl.obolibrary.org/obo/ncbitaxon.owl	[UNKNOWN EXPERIMENTS]
[NO TYPE]	 'Helix lucorum',	Helix lucorum taurica		Medium	NCBITaxon_225484	http://purl.obolibrary.org/obo/	http://purl.obolibrary.org/obo/ncbitaxon.owl	[UNKNOWN EXPERIMENTS]
[NO TYPE]	 'Anodonta cygnea',	Anodonta cygnea		Good	NCBITaxon_47528	http://purl.obolibrary.org/obo/	http://purl.obolibrary.org/obo/ncbitaxon.owl	[UNKNOWN EXPERIMENTS]
[NO TYPE]	 'Human, rat, mouse',	Human Anti-Mouse Antibody		Medium	NCIT_C18062	http://purl.obolibrary.org/obo/	http://purl.obolibrary.org/obo/ncit.owl	[UNKNOWN EXPERIMENTS]
[NO TYPE]	 'Human, rat, mouse',	Mouse Models of Human Cancer		Medium	NCIT_C19260	http://purl.obolibrary.org/obo/	http://purl.obolibrary.org/obo/ncit.owl	[UNKNOWN EXPERIMENTS]
[NO TYPE]	 'Monodelphis domestica',	Monodelphis domestica		Good	NCBITaxon_13616	http://purl.obolibrary.org/obo/	https://www.ebi.ac.uk/gxa	[UNKNOWN EXPERIMENTS]
[NO TYPE]	 'Cynopterus brachyotis',	Cynopterus brachyotis		Medium	NCBITaxon_58060	http://purl.obolibrary.org/obo/	http://purl.obolibrary.org/obo/ncbitaxon.owl	[UNKNOWN EXPERIMENTS]
[NO TYPE]	 'Cynopterus brachyotis',	Cynopterus brachyotis		Medium	VTO_0008857	http://purl.obolibrary.org/obo/	http://purl.obolibrary.org/obo/vto.owl	[UNKNOWN EXPERIMENTS]
[NO TYPE]	 'Manis javanica',	Manis javanica		Good	VTO_0008722	http://purl.obolibrary.org/obo/	http://purl.obolibrary.org/obo/vto.owl	[UNKNOWN EXPERIMENTS]
[NO TYPE]	 'Panthera leo',	Panthera leo		Good	VTO_0010828	http://purl.obolibrary.org/obo/	http://purl.obolibrary.org/obo/vto.owl	[UNKNOWN EXPERIMENTS]
[NO TYPE]	 'Monkey sp.',	Mesocestoides sp. Squirrel monkey		Medium	NCBITaxon_1458438	http://purl.obolibrary.org/obo/	http://purl.obolibrary.org/obo/ncbitaxon.owl	[UNKNOWN EXPERIMENTS]
[NO TYPE]	 'Monkey sp.',	monkey		Medium	IDOMAL_0001219	http://purl.obolibrary.org/obo/	http://purl.obolibrary.org/obo/idomal.owl	[UNKNOWN EXPERIMENTS]
[NO TYPE]	 'salmonid fish',	salmonid fish		Good	NCBITaxon_36500	http://purl.obolibrary.org/obo/	http://purl.obolibrary.org/obo/ncbitaxon.owl	[UNKNOWN EXPERIMENTS]
[NO TYPE]	 'CD-1 mouse',	CD-1 Nude Mouse		Medium	NCIT_C15152	http://purl.obolibrary.org/obo/	http://purl.obolibrary.org/obo/ncit.owl	[UNKNOWN EXPERIMENTS]
[NO TYPE]	 'CD-1 mouse',	ICR BR Mouse		Medium	NCIT_C76183	http://purl.obolibrary.org/obo/	http://purl.obolibrary.org/obo/ncit.owl	[UNKNOWN EXPERIMENTS]
[NO TYPE]	 'Felis catus',	Cat		Good	NCIT_C14191	http://purl.obolibrary.org/obo/	http://purl.obolibrary.org/obo/ncit.owl	[UNKNOWN EXPERIMENTS]
[NO TYPE]	 'Nilaparvata lugens',	Nilaparvata lugens		Good	NCBITaxon_108931	http://purl.obolibrary.org/obo/	https://www.ebi.ac.uk/gxa	[UNKNOWN EXPERIMENTS]
[NO TYPE]	 'domestic cattle',	Bos taurus		Good	NCBITaxon_9913	http://purl.obolibrary.org/obo/	http://purl.obolibrary.org/obo/MicrO.owl	[UNKNOWN EXPERIMENTS]
[NO TYPE]	 'Coturnix japonica',	Coturnix japonica		Good	NCBITaxon_93934	http://purl.obolibrary.org/obo/	https://www.ebi.ac.uk/gxa	[UNKNOWN EXPERIMENTS]
[NO TYPE]	 'rat',	colitis		Medium	EFO_0003872	http://www.ebi.ac.uk/efo/	https://www.ebi.ac.uk/gxa	[UNKNOWN EXPERIMENTS]
[NO TYPE]	 'rat',	ZDF		Medium	RS_0001101	http://purl.obolibrary.org/obo/	https://www.ebi.ac.uk/gxa	[UNKNOWN EXPERIMENTS]
[NO TYPE]	 'bank vole',	bank vole virus 1		Medium	NCBITaxon_2756244	http://purl.obolibrary.org/obo/	http://purl.obolibrary.org/obo/ncbitaxon.owl	[UNKNOWN EXPERIMENTS]
[NO TYPE]	 'bank vole',	Bank vole polyomavirus		Medium	NCBITaxon_1737522	http://purl.obolibrary.org/obo/	http://purl.obolibrary.org/obo/ncbitaxon.owl	[UNKNOWN EXPERIMENTS]
[NO TYPE]	 'Perca flavescens',	Perca flavescens		Good	TTO_1036974	http://purl.obolibrary.org/obo/	http://purl.obolibrary.org/obo/tto.owl	[UNKNOWN EXPERIMENTS]
[NO TYPE]	 'teleost fish',	teleost fish		Medium	NCBITaxon_70862	http://purl.obolibrary.org/obo/	http://purl.obolibrary.org/obo/ncbitaxon.owl	[UNKNOWN EXPERIMENTS]
[NO TYPE]	 'teleost fish',	teleost fish 32F1		Medium	NCBITaxon_497143	http://purl.obolibrary.org/obo/	http://purl.obolibrary.org/obo/ncbitaxon.owl	[UNKNOWN EXPERIMENTS]
[NO TYPE]	 'Anopheles quadrimaculatus',	Anopheles quadrimaculatus		Good	MIRO_40003441	http://purl.obolibrary.org/obo/	http://purl.obolibrary.org/obo/miro.owl	[UNKNOWN EXPERIMENTS]
[NO TYPE]	 'Ectropis obliqua',	Ectropis obliqua		Medium	NCBITaxon_248899	http://purl.obolibrary.org/obo/	http://purl.obolibrary.org/obo/ncbitaxon.owl	[UNKNOWN EXPERIMENTS]
[NO TYPE]	 'Ectropis obliqua',	Ectropis obliqua nucleopolyhedrovirus		Medium	NCBITaxon_59376	http://purl.obolibrary.org/obo/	http://purl.obolibrary.org/obo/ncbitaxon.owl	[UNKNOWN EXPERIMENTS]
[NO TYPE]	 'Monkey',	monkey		Good	IDOMAL_0001219	http://purl.obolibrary.org/obo/	http://purl.obolibrary.org/obo/idomal.owl	[UNKNOWN EXPERIMENTS]
[NO TYPE]	 'hymenoptera',	Hymenoptera		Good	OMIT_0008061	http://purl.obolibrary.org/obo/	http://purl.obolibrary.org/obo/omit.owl	[UNKNOWN EXPERIMENTS]
[NO TYPE]	 'Canis lupus familiaris',	Canis lupus familiaris		Good	NCBITaxon_9615	http://purl.obolibrary.org/obo/	https://www.ebi.ac.uk/gxa	[UNKNOWN EXPERIMENTS]
[NO TYPE]	 'Xenopus laevis laevis',	Xenopus laevis		Good	NCBITaxon_8355	http://purl.obolibrary.org/obo/	https://www.ebi.ac.uk/gxa	[UNKNOWN EXPERIMENTS]
[NO TYPE]	 'Nasua nasua',	Nasua		Medium	NCBITaxon_9650	http://purl.obolibrary.org/obo/	http://purl.obolibrary.org/obo/ncbitaxon.owl	[UNKNOWN EXPERIMENTS]
[NO TYPE]	 'Nasua nasua',	Nasua		Medium	VTO_0010695	http://purl.obolibrary.org/obo/	http://purl.obolibrary.org/obo/vto.owl	[UNKNOWN EXPERIMENTS]
[NO TYPE]	 'Brassica napus',	Brassica napus		Good	NCBITaxon_3708	http://purl.obolibrary.org/obo/	https://www.ebi.ac.uk/gxa	[UNKNOWN EXPERIMENTS]
[NO TYPE]	 'Ambystoma mexicanum',	Ambystoma mexicanum		Good	OMIT_0001977	http://purl.obolibrary.org/obo/	http://purl.obolibrary.org/obo/omit.owl	[UNKNOWN EXPERIMENTS]
[NO TYPE]	 'human, mouse, rat',	Human Anti-Mouse Antibody		Medium	NCIT_C18062	http://purl.obolibrary.org/obo/	http://purl.obolibrary.org/obo/ncit.owl	[UNKNOWN EXPERIMENTS]
[NO TYPE]	 'human, mouse, rat',	Mouse Models of Human Cancer		Medium	NCIT_C19260	http://purl.obolibrary.org/obo/	http://purl.obolibrary.org/obo/ncit.owl	[UNKNOWN EXPERIMENTS]
[NO TYPE]	 'Lymnaea stagnalis',	Lymnaea stagnalis		Medium	NCBITaxon_6523	http://purl.obolibrary.org/obo/	http://purl.obolibrary.org/obo/ncbitaxon.owl	[UNKNOWN EXPERIMENTS]
[NO TYPE]	 'Lymnaea stagnalis',	Lymnaea stagnalis (organism)		Medium	18495002	http://snomed.info/id/	http://snomed.info/sct/900000000000207008	[UNKNOWN EXPERIMENTS]
[NO TYPE]	 'Panthera tigris',	Panthera tigris		Good	VTO_0010827	http://purl.obolibrary.org/obo/	http://purl.obolibrary.org/obo/vto.owl	[UNKNOWN EXPERIMENTS]
[NO TYPE]	 'Odontesthes bonariensis',	Odontesthes bonariensis		Medium	VTO_0055475	http://purl.obolibrary.org/obo/	http://purl.obolibrary.org/obo/vto.owl	[UNKNOWN EXPERIMENTS]
[NO TYPE]	 'Odontesthes bonariensis',	Odontesthes bonariensis		Medium	TTO_1034051	http://purl.obolibrary.org/obo/	http://purl.obolibrary.org/obo/tto.owl	[UNKNOWN EXPERIMENTS]
[NO TYPE]	 'Daphnia magna',	Daphnia magna		Good	NCBITaxon_35525	http://purl.obolibrary.org/obo/	https://www.ebi.ac.uk/metabolights	[UNKNOWN EXPERIMENTS]
[NO TYPE]	 'Panthera uncia',	Panthera uncia		Medium	NCBITaxon_29064	http://purl.obolibrary.org/obo/	http://purl.obolibrary.org/obo/ncbitaxon.owl	[UNKNOWN EXPERIMENTS]
[NO TYPE]	 'Panthera uncia',	Panthera uncia		Medium	VTO_9026434	http://purl.obolibrary.org/obo/	http://purl.obolibrary.org/obo/vto.owl	[UNKNOWN EXPERIMENTS]
[NO TYPE]	 'Liriomyza trifolii',	Liriomyza trifolii		Medium	NCBITaxon_198433	http://purl.obolibrary.org/obo/	http://purl.obolibrary.org/obo/ncbitaxon.owl	[UNKNOWN EXPERIMENTS]
[NO TYPE]	 'Liriomyza trifolii',	Wolbachia endosymbiont of Liriomyza trifolii		Medium	NCBITaxon_2867526	http://purl.obolibrary.org/obo/	http://purl.obolibrary.org/obo/ncbitaxon.owl	[UNKNOWN EXPERIMENTS]
[NO TYPE]	 'Lithobates catesbeianus',	Lithobates catesbeianus		Good	NCBITaxon_8400	http://purl.obolibrary.org/obo/	https://raw.githubusercontent.com/enpadasi/Ontology-for-Nutritional-Studies/master/ons.owl	[UNKNOWN EXPERIMENTS]
[NO TYPE]	 'Gammarus pulex',	Gammarus pulex		Medium	NCBITaxon_52641	http://purl.obolibrary.org/obo/	http://purl.obolibrary.org/obo/ncbitaxon.owl	[UNKNOWN EXPERIMENTS]
[NO TYPE]	 'Gammarus pulex',	Gammarus cf. pulex Peloponnese		Medium	NCBITaxon_2164064	http://purl.obolibrary.org/obo/	http://purl.obolibrary.org/obo/ncbitaxon.owl	[UNKNOWN EXPERIMENTS]
[NO TYPE]	 'Argopecten irradians',	Argopecten irradians		Good	NCBITaxon_31199	http://purl.obolibrary.org/obo/	https://raw.githubusercontent.com/enpadasi/Ontology-for-Nutritional-Studies/master/ons.owl	[UNKNOWN EXPERIMENTS]
[NO TYPE]	 'Arctica islandica',	Arctica islandica		Good	NCBITaxon_59239	http://purl.obolibrary.org/obo/	http://purl.obolibrary.org/obo/foodon.owl	[UNKNOWN EXPERIMENTS]
[NO TYPE]	 'Saccharomyces cerevisiae',	Saccharomyces cerevisiae		Good	NCBITaxon_4932	http://purl.obolibrary.org/obo/	https://www.ebi.ac.uk/gxa	[UNKNOWN EXPERIMENTS]
[NO TYPE]	 'Tilapia mossambica',	Tilapia mossambica (organism)		Medium	58617000	http://snomed.info/id/	http://snomed.info/sct/900000000000207008	[UNKNOWN EXPERIMENTS]
[NO TYPE]	 'Tilapia mossambica',	Tilapia		Medium	TTO_102075	http://purl.obolibrary.org/obo/	http://purl.obolibrary.org/obo/tto.owl	[UNKNOWN EXPERIMENTS]
[NO TYPE]	 'rabbit',	Rabbit, Japan (Rabbit)		Good	VBO_0013999	http://purl.obolibrary.org/obo/	http://purl.obolibrary.org/obo/vbo.owl	[UNKNOWN EXPERIMENTS]
[NO TYPE]	 'dog',	Dog Allergy		Good	NCIT_C172311	http://purl.obolibrary.org/obo/	http://purl.obolibrary.org/obo/ncit.owl	[UNKNOWN EXPERIMENTS]
[NO TYPE]	 'Mustela furo',	Mustela furo		Medium	VTO_9016728	http://purl.obolibrary.org/obo/	http://purl.obolibrary.org/obo/vto.owl	[UNKNOWN EXPERIMENTS]
[NO TYPE]	 'Mustela furo',	Mustela putorius furo		Medium	NCIT_C161001	http://purl.obolibrary.org/obo/	http://purl.obolibrary.org/obo/ncit.owl	[UNKNOWN EXPERIMENTS]
[NO TYPE]	 'Carassius carassius',	Carassius		Medium	TTO_101333	http://purl.obolibrary.org/obo/	http://purl.obolibrary.org/obo/tto.owl	[UNKNOWN EXPERIMENTS]
[NO TYPE]	 'Carassius carassius',	Carassius		Medium	VTO_0039782	http://purl.obolibrary.org/obo/	http://purl.obolibrary.org/obo/vto.owl	[UNKNOWN EXPERIMENTS]
[NO TYPE]	 'Tigriopus japonicus',	Tigriopus japonicus		Medium	NCBITaxon_158387	http://purl.obolibrary.org/obo/	http://purl.obolibrary.org/obo/ncbitaxon.owl	[UNKNOWN EXPERIMENTS]
[NO TYPE]	 'Tigriopus japonicus',	Tigriopus		Medium	NCBITaxon_6831	http://purl.obolibrary.org/obo/	http://purl.obolibrary.org/obo/ncbitaxon.owl	[UNKNOWN EXPERIMENTS]
[NO TYPE]	 'Chinook salmon',	chinook salmon (canned)		Good	FOODON_03311022	http://purl.obolibrary.org/obo/	http://purl.obolibrary.org/obo/foodon.owl	[UNKNOWN EXPERIMENTS]
[NO TYPE]	 'Rana catesbeiana',	Rana catesbeiana		Medium	OMIT_0012822	http://purl.obolibrary.org/obo/	http://purl.obolibrary.org/obo/omit.owl	[UNKNOWN EXPERIMENTS]
[NO TYPE]	 'Rana catesbeiana',	Rana catesbeiana		Medium	VTO_0002743	http://purl.obolibrary.org/obo/	http://purl.obolibrary.org/obo/vto.owl	[UNKNOWN EXPERIMENTS]
[NO TYPE]	 'chicken',	chicken breed		Medium	LBO_0000002	http://purl.obolibrary.org/obo/	https://www.ebi.ac.uk/vg/faang	[UNKNOWN EXPERIMENTS]
[NO TYPE]	 'chicken',	Chicken crossbreed		Medium	LBO_0001037	http://purl.obolibrary.org/obo/	https://www.ebi.ac.uk/vg/faang	[UNKNOWN EXPERIMENTS]
[NO TYPE]	 'Metapenaeus monoceros',	Metapenaeus monoceros		Good	NCBITaxon_1211424	http://purl.obolibrary.org/obo/	http://purl.obolibrary.org/obo/ncbitaxon.owl	[UNKNOWN EXPERIMENTS]
[NO TYPE]	 'Vulpes vulpes',	Vulpes		Good	VTO_0010636	http://purl.obolibrary.org/obo/	http://purl.obolibrary.org/obo/vto.owl	[UNKNOWN EXPERIMENTS]
[NO TYPE]	 'Sebastiscus marmoratus',	Sebastiscus marmoratus		Medium	VTO_0053282	http://purl.obolibrary.org/obo/	http://purl.obolibrary.org/obo/vto.owl	[UNKNOWN EXPERIMENTS]
[NO TYPE]	 'Sebastiscus marmoratus',	Sebastiscus marmoratus		Medium	TTO_1042370	http://purl.obolibrary.org/obo/	http://purl.obolibrary.org/obo/tto.owl	[UNKNOWN EXPERIMENTS]
[NO TYPE]	 'Pieris brassicae',	Pieris brassicae		Medium	NCBITaxon_7116	http://purl.obolibrary.org/obo/	http://purl.obolibrary.org/obo/ncbitaxon.owl	[UNKNOWN EXPERIMENTS]
[NO TYPE]	 'Pieris brassicae',	Pieris brassicae brassicae		Medium	NCBITaxon_596636	http://purl.obolibrary.org/obo/	http://purl.obolibrary.org/obo/ncbitaxon.owl	[UNKNOWN EXPERIMENTS]
[NO TYPE]	 'Rattus rattus',	Rattus rattus		Good	NCBITaxon_10117	http://purl.obolibrary.org/obo/	https://www.ebi.ac.uk/gxa	[UNKNOWN EXPERIMENTS]
[NO TYPE]	 'cow',	Cow		Medium	NCIT_C14192	http://purl.obolibrary.org/obo/	http://purl.obolibrary.org/obo/ncit.owl	[UNKNOWN EXPERIMENTS]
[NO TYPE]	 'cow',	Cow		Medium	GAZ_00069823	http://purl.obolibrary.org/obo/	http://purl.obolibrary.org/obo/gaz	[UNKNOWN EXPERIMENTS]
[NO TYPE]	 'Mus sp. 09ZR5#43',	Rodentia sp. 09ZR5#43		Medium	VTO_0012654	http://purl.obolibrary.org/obo/	http://purl.obolibrary.org/obo/vto.owl	[UNKNOWN EXPERIMENTS]
[NO TYPE]	 'Mus sp. 09ZR5#43',	Rodentia sp. 09ZR5#43		Medium	NCBITaxon_1090580	http://purl.obolibrary.org/obo/	http://purl.obolibrary.org/obo/ncbitaxon.owl	[UNKNOWN EXPERIMENTS]
[NO TYPE]	 'Pagrus major',	Pagrus major		Medium	VTO_0044828	http://purl.obolibrary.org/obo/	http://purl.obolibrary.org/obo/vto.owl	[UNKNOWN EXPERIMENTS]
[NO TYPE]	 'Pagrus major',	Pagrus major		Medium	TTO_1037297	http://purl.obolibrary.org/obo/	http://purl.obolibrary.org/obo/tto.owl	[UNKNOWN EXPERIMENTS]
[NO TYPE]	 'Xenopus tropicalis',	Xenopus tropicalis		Good	NCBITaxon_8364	http://purl.obolibrary.org/obo/	https://www.ebi.ac.uk/gxa	[UNKNOWN EXPERIMENTS]
[NO TYPE]	 'European sea bass',	Dicentrarchus labrax		Medium	NCBITaxon_13489	http://purl.obolibrary.org/obo/	http://purl.obolibrary.org/obo/foodon.owl	[UNKNOWN EXPERIMENTS]
[NO TYPE]	 'European sea bass',	Morone saxatilis		Medium	NCBITaxon_34816	http://purl.obolibrary.org/obo/	http://purl.obolibrary.org/obo/foodon.owl	[UNKNOWN EXPERIMENTS]
[NO TYPE]	 'Peromyscus maniculatus bairdii',	Peromyscus maniculatus bairdii		Medium	NCBITaxon_230844	http://purl.obolibrary.org/obo/	http://purl.obolibrary.org/obo/ncbitaxon.owl	[UNKNOWN EXPERIMENTS]
[NO TYPE]	 'Peromyscus maniculatus bairdii',	Peromyscus maniculatus nubiterrae x Peromyscus maniculatus bairdii		Medium	NCBITaxon_2905369	http://purl.obolibrary.org/obo/	http://purl.obolibrary.org/obo/ncbitaxon.owl	[UNKNOWN EXPERIMENTS]
[NO TYPE]	 'crustaceans',	Crustacea		Good	NCBITaxon_6657	http://purl.obolibrary.org/obo/	http://purl.obolibrary.org/obo/foodon.owl	[UNKNOWN EXPERIMENTS]
[NO TYPE]	 'killifish',	killifish		Good	FOODON_03412599	http://purl.obolibrary.org/obo/	http://purl.obolibrary.org/obo/foodon.owl	[UNKNOWN EXPERIMENTS]
[NO TYPE]	 'cynomolgus monkeys',	Macaca fascicularis		Good	NCBITaxon_9541	http://purl.obolibrary.org/obo/	http://purl.obolibrary.org/obo/apollo_sv.owl	[UNKNOWN EXPERIMENTS]
[NO TYPE]	 'Meleagris gallopavo',	Meleagris gallopavo		Medium	VTO_0031758	http://purl.obolibrary.org/obo/	http://purl.obolibrary.org/obo/vto.owl	[UNKNOWN EXPERIMENTS]
[NO TYPE]	 'Meleagris gallopavo',	Kalkun, Indonesia (Turkey)		Medium	VBO_0016761	http://purl.obolibrary.org/obo/	http://purl.obolibrary.org/obo/vbo.owl	[UNKNOWN EXPERIMENTS]
[NO TYPE]	 'F344 rat',	F344, Rat Strain		Medium	NCIT_C14401	http://purl.obolibrary.org/obo/	http://purl.obolibrary.org/obo/ncit.owl	[UNKNOWN EXPERIMENTS]
[NO TYPE]	 'F344 rat',	Fischer 344		Medium	EFO_0000176	http://www.ebi.ac.uk/efo/	http://www.ebi.ac.uk/efo/efo.owl	[UNKNOWN EXPERIMENTS]
[NO TYPE]	 'swine',	H1N1 swine influenza virus		Good	NCBITaxon_36420	http://purl.obolibrary.org/obo/	https://www.ebi.ac.uk/gxa	[UNKNOWN EXPERIMENTS]
[NO TYPE]	 'rhesus macaque',	Macaca mulatta		Good	NCBITaxon_9544	http://purl.obolibrary.org/obo/	http://purl.obolibrary.org/obo/mro.owl	[UNKNOWN EXPERIMENTS]
[NO TYPE]	 'Hydra attenuata',	Hydra		Good	OMIT_0007970	http://purl.obolibrary.org/obo/	http://purl.obolibrary.org/obo/omit.owl	[UNKNOWN EXPERIMENTS]
[NO TYPE]	 'Tribolium castaneum',	Tribolium castaneum		Good	NCBITaxon_7070	http://purl.obolibrary.org/obo/	https://www.ebi.ac.uk/gxa	[UNKNOWN EXPERIMENTS]
[NO TYPE]	 'African green monkeys',	Chlorocebus aethiops		Good	NCBITaxon_9534	http://purl.obolibrary.org/obo/	http://purl.obolibrary.org/obo/cido.owl	[UNKNOWN EXPERIMENTS]
[NO TYPE]	 'Nyctereutes procyonoides',	Nyctereutes procyonoides		Medium	VTO_0010620	http://purl.obolibrary.org/obo/	http://purl.obolibrary.org/obo/vto.owl	[UNKNOWN EXPERIMENTS]
[NO TYPE]	 'Nyctereutes procyonoides',	Nyctereutes procyonoides		Medium	NCBITaxon_34880	http://purl.obolibrary.org/obo/	http://purl.obolibrary.org/obo/ncbitaxon.owl	[UNKNOWN EXPERIMENTS]
[NO TYPE]	 'baboon',	Baboon		Medium	NCIT_C14252	http://purl.obolibrary.org/obo/	http://purl.obolibrary.org/obo/ncit.owl	[UNKNOWN EXPERIMENTS]
[NO TYPE]	 'baboon',	Baboon Lymphoma		Medium	NCIT_C134766	http://purl.obolibrary.org/obo/	http://purl.obolibrary.org/obo/ncit.owl	[UNKNOWN EXPERIMENTS]
[NO TYPE]	 'Mus musculoides',	Mus musculoides		Medium	NCBITaxon_60742	http://purl.obolibrary.org/obo/	http://purl.obolibrary.org/obo/ncbitaxon.owl	[UNKNOWN EXPERIMENTS]
[NO TYPE]	 'Mus musculoides',	Mus musculoides		Medium	VTO_0014668	http://purl.obolibrary.org/obo/	http://purl.obolibrary.org/obo/vto.owl	[UNKNOWN EXPERIMENTS]
[NO TYPE]	 'Ardea herodias',	Ardea herodias		Medium	NCBITaxon_56072	http://purl.obolibrary.org/obo/	http://purl.obolibrary.org/obo/ncbitaxon.owl	[UNKNOWN EXPERIMENTS]
[NO TYPE]	 'Ardea herodias',	Ardea herodias		Medium	VTO_0032493	http://purl.obolibrary.org/obo/	http://purl.obolibrary.org/obo/vto.owl	[UNKNOWN EXPERIMENTS]
[NO TYPE]	 'mice',	Mus <genus>		Good	NCBITaxon_10088	http://purl.obolibrary.org/obo/	https://www.ebi.ac.uk/metabolights	[UNKNOWN EXPERIMENTS]
[NO TYPE]	 'Dicentrarchus labrax',	Dicentrarchus labrax		Good	NCBITaxon_13489	http://purl.obolibrary.org/obo/	https://www.ebi.ac.uk/vg/faang	[UNKNOWN EXPERIMENTS]
[NO TYPE]	 'fish',	fish eye disease, LCAT deficiency, 136120, Fish-eye disease, C0342895	; ; ; ; 	Medium	MONDO_0007620, Orphanet_650, 136120, Orphanet_79292, C0342895	http://purl.obolibrary.org/obo/, http://www.orpha.net/ORDO/, https://www.omim.org/entry/, http://www.orpha.net/ORDO/, http://identifiers.org/medgen/	https://www.ncbi.nlm.nih.gov/clinvar	[UNKNOWN EXPERIMENTS]
[NO TYPE]	 'fish',	Fish-eye disease		Medium	Orphanet_79292	http://www.orpha.net/ORDO/	https://www.ebi.ac.uk/eva	[UNKNOWN EXPERIMENTS]
[NO TYPE]	 'fish',	diet measurement		Medium	EFO_0008111	http://www.ebi.ac.uk/efo/	http://www.ebi.ac.uk/gwas	[UNKNOWN EXPERIMENTS]
[NO TYPE]	 'fish',	fish oil supplement exposure measurement		Medium	EFO_0600007	http://www.ebi.ac.uk/efo/	http://www.ebi.ac.uk/gwas	[UNKNOWN EXPERIMENTS]
[NO TYPE]	 'fish',	fish consumption measurement		Medium	EFO_0010139	http://www.ebi.ac.uk/efo/	http://www.ebi.ac.uk/gwas	[UNKNOWN EXPERIMENTS]
[NO TYPE]	 'zebra fish',	Danio rerio		Good	NCBITaxon_7955	http://purl.obolibrary.org/obo/	http://purl.obolibrary.org/obo/foodon.owl	[UNKNOWN EXPERIMENTS]
[NO TYPE]	 'Drosophila melanogaster',	Drosophila melanogaster		Good	NCBITaxon_7227	http://purl.obolibrary.org/obo/	https://www.ebi.ac.uk/gxa	[UNKNOWN EXPERIMENTS]
[NO TYPE]	 'birds',	Aves		Good	NCBITaxon_8782	http://purl.obolibrary.org/obo/	http://purl.obolibrary.org/obo/envo.owl	[UNKNOWN EXPERIMENTS]
[NO TYPE]	 'goldfish',	Goldfish		Good	OMIT_0007242	http://purl.obolibrary.org/obo/	http://purl.obolibrary.org/obo/omit.owl	[UNKNOWN EXPERIMENTS]
[NO TYPE]	 'osprey',	Lake Osprey		Medium	GAZ_00152342	http://purl.obolibrary.org/obo/	http://purl.obolibrary.org/obo/gaz	[UNKNOWN EXPERIMENTS]
[NO TYPE]	 'osprey',	Osprey Pond		Medium	GAZ_00153878	http://purl.obolibrary.org/obo/	http://purl.obolibrary.org/obo/gaz	[UNKNOWN EXPERIMENTS]
[NO TYPE]	 'Hippopotamus amphibius',	Hippopotamus amphibius		Good	VTO_0011379	http://purl.obolibrary.org/obo/	http://purl.obolibrary.org/obo/vto.owl	[UNKNOWN EXPERIMENTS]
[NO TYPE]	 'Homo sapiens',	Homo sapiens		Good	NCBITaxon_9606	http://purl.obolibrary.org/obo/	https://www.ebi.ac.uk/gxa	[UNKNOWN EXPERIMENTS]
[NO TYPE]	 'rodents',	basal cell carcinoma		Good	EFO_0004193	http://www.ebi.ac.uk/efo/	https://github.com/EBISPOT/EFO-UKB-mappings	[UNKNOWN EXPERIMENTS]
[NO TYPE]	 'Double-crested cormorant',	Influenza A virus (A/double-crested cormorant/California/20119-001/2007(H3N8))		Medium	NCBITaxon_569654	http://purl.obolibrary.org/obo/	http://purl.obolibrary.org/obo/ncbitaxon.owl	[UNKNOWN EXPERIMENTS]
[NO TYPE]	 'Double-crested cormorant',	Cormorant Pass		Medium	GAZ_00090492	http://purl.obolibrary.org/obo/	http://purl.obolibrary.org/obo/gaz	[UNKNOWN EXPERIMENTS]
[NO TYPE]	 'chickens, ducks, turkeys',	Ducks		Good	OMIT_0005627	http://purl.obolibrary.org/obo/	http://purl.obolibrary.org/obo/omit.owl	[UNKNOWN EXPERIMENTS]
[NO TYPE]	 'gastropods',	Gastropoda		Good	NCBITaxon_6448	http://purl.obolibrary.org/obo/	http://purl.obolibrary.org/obo/foodon.owl	[UNKNOWN EXPERIMENTS]
[NO TYPE]	 'Acipenser transmontanus',	Acipenser transmontanus		Medium	TTO_1009767	http://purl.obolibrary.org/obo/	http://purl.obolibrary.org/obo/tto.owl	[UNKNOWN EXPERIMENTS]
[NO TYPE]	 'Acipenser transmontanus',	Acipenser transmontanus		Medium	VTO_0058600	http://purl.obolibrary.org/obo/	http://purl.obolibrary.org/obo/vto.owl	[UNKNOWN EXPERIMENTS]
[NO TYPE]	 'Danio rerio',	Danio rerio		Good	NCBITaxon_7955	http://purl.obolibrary.org/obo/	https://www.ebi.ac.uk/gxa	[UNKNOWN EXPERIMENTS]
[NO TYPE]	 'Common Starling',	Starling Rock		Medium	GAZ_00155295	http://purl.obolibrary.org/obo/	http://purl.obolibrary.org/obo/gaz	[UNKNOWN EXPERIMENTS]
[NO TYPE]	 'Common Starling',	Starling Brook		Medium	GAZ_00456578	http://purl.obolibrary.org/obo/	http://purl.obolibrary.org/obo/gaz	[UNKNOWN EXPERIMENTS]
[NO TYPE]	 'Rodentia sp.',	Rodentia sp.		Medium	VTO_0012723	http://purl.obolibrary.org/obo/	http://purl.obolibrary.org/obo/vto.owl	[UNKNOWN EXPERIMENTS]
[NO TYPE]	 'Rodentia sp.',	Rodentia sp.		Medium	NCBITaxon_69158	http://purl.obolibrary.org/obo/	http://purl.obolibrary.org/obo/ncbitaxon.owl	[UNKNOWN EXPERIMENTS]
[NO TYPE]	 'Prionailurus viverrinus',	Prionailurus viverrinus		Medium	NCBITaxon_61388	http://purl.obolibrary.org/obo/	http://purl.obolibrary.org/obo/ncbitaxon.owl	[UNKNOWN EXPERIMENTS]
[NO TYPE]	 'Prionailurus viverrinus',	Prionailurus viverrinus		Medium	VTO_0010803	http://purl.obolibrary.org/obo/	http://purl.obolibrary.org/obo/vto.owl	[UNKNOWN EXPERIMENTS]
[NO TYPE]	 'Mercenaria mercenaria',	Mercenaria		Good	OMIT_0024227	http://purl.obolibrary.org/obo/	http://purl.obolibrary.org/obo/omit.owl	[UNKNOWN EXPERIMENTS]
[NO TYPE]	 'Acipenser fulvescens',	Acipenser fulvescens		Medium	TTO_1009747	http://purl.obolibrary.org/obo/	http://purl.obolibrary.org/obo/tto.owl	[UNKNOWN EXPERIMENTS]
[NO TYPE]	 'Acipenser fulvescens',	Acipenser fulvescens		Medium	VTO_0058603	http://purl.obolibrary.org/obo/	http://purl.obolibrary.org/obo/vto.owl	[UNKNOWN EXPERIMENTS]
[NO TYPE]	 'Hamster',	Hamster		Good	NCIT_C14212	http://purl.obolibrary.org/obo/	http://purl.obolibrary.org/obo/ncit.owl	[UNKNOWN EXPERIMENTS]
[NO TYPE]	 'Caenorhabditis elegans',	Caenorhabditis elegans		Good	NCBITaxon_6239	http://purl.obolibrary.org/obo/	https://www.ebi.ac.uk/gxa	[UNKNOWN EXPERIMENTS]
[NO TYPE]	 'Gyps indicus',	Gyps indicus		Medium	VTO_0031000	http://purl.obolibrary.org/obo/	http://purl.obolibrary.org/obo/vto.owl	[UNKNOWN EXPERIMENTS]
[NO TYPE]	 'Gyps indicus',	Gyps indicus		Medium	NCBITaxon_341451	http://purl.obolibrary.org/obo/	http://purl.obolibrary.org/obo/ncbitaxon.owl	[UNKNOWN EXPERIMENTS]
[NO TYPE]	 'Oryzias latipes',	Medaka Hepatoma		Medium	NCIT_C134571	http://purl.obolibrary.org/obo/	http://purl.obolibrary.org/obo/ncit.owl	[UNKNOWN EXPERIMENTS]
[NO TYPE]	 'Oryzias latipes',	Medaka Melanoma		Medium	NCIT_C134572	http://purl.obolibrary.org/obo/	http://purl.obolibrary.org/obo/ncit.owl	[UNKNOWN EXPERIMENTS]
[NO TYPE]	 'mink',	Mink		Good	OMIT_0009959	http://purl.obolibrary.org/obo/	http://purl.obolibrary.org/obo/omit.owl	[UNKNOWN EXPERIMENTS]
[NO TYPE]	 'Pan troglodytes',	Pan troglodytes		Good	NCBITaxon_9598	http://purl.obolibrary.org/obo/	https://www.ebi.ac.uk/gxa	[UNKNOWN EXPERIMENTS]
[NO TYPE]	 'rainbow trout',	Oncorhynchus mykiss		Good	NCBITaxon_8022	http://purl.obolibrary.org/obo/	http://purl.obolibrary.org/obo/ohpi.owl	[UNKNOWN EXPERIMENTS]
[NO TYPE]	 'crab eating macaque',	Macaca fascicularis		Good	NCBITaxon_9541	http://purl.obolibrary.org/obo/	http://purl.obolibrary.org/obo/mro.owl	[UNKNOWN EXPERIMENTS]
[NO TYPE]	 'Pimephales promelas',	Pimephales promelas		Medium	TTO_1003093	http://purl.obolibrary.org/obo/	http://purl.obolibrary.org/obo/tto.owl	[UNKNOWN EXPERIMENTS]
[NO TYPE]	 'Pimephales promelas',	Pimephales promelas		Medium	VTO_0039108	http://purl.obolibrary.org/obo/	http://purl.obolibrary.org/obo/vto.owl	[UNKNOWN EXPERIMENTS]
[NO TYPE]	 'Aegypius monachus',	Aegypius monachus		Medium	NCBITaxon_8959	http://purl.obolibrary.org/obo/	http://purl.obolibrary.org/obo/ncbitaxon.owl	[UNKNOWN EXPERIMENTS]
[NO TYPE]	 'Aegypius monachus',	Aegypius monachus		Medium	VTO_0030837	http://purl.obolibrary.org/obo/	http://purl.obolibrary.org/obo/vto.owl	[UNKNOWN EXPERIMENTS]
[NO TYPE]	 'Vertebrates',	Cervical C2/C3 vertebral fusion		Medium	HP_0004602	http://purl.obolibrary.org/obo/	https://www.ebi.ac.uk/eva	[UNKNOWN EXPERIMENTS]
[NO TYPE]	 'Vertebrates',	C1851130		Medium	C1851130	http://identifiers.org/medgen/	https://www.ncbi.nlm.nih.gov/clinvar	[UNKNOWN EXPERIMENTS]
[NO TYPE]	 'Vertebrates',	C4021789		Medium	C4021789	http://identifiers.org/medgen/	https://www.ncbi.nlm.nih.gov/clinvar	[UNKNOWN EXPERIMENTS]
[NO TYPE]	 'Vertebrates',	spinal fracture		Medium	EFO_0003902	http://www.ebi.ac.uk/efo/	http://www.ebi.ac.uk/gwas	[UNKNOWN EXPERIMENTS]
[NO TYPE]	 'Vertebrates',	Abnormality of the vertebral column		Medium	HP_0000925	http://purl.obolibrary.org/obo/	https://www.ebi.ac.uk/eva	[UNKNOWN EXPERIMENTS]
[NO TYPE]	 'Vertebrates',	Oculo-auriculo-vertebral spectrum		Medium	Orphanet_141132	http://www.orpha.net/ORDO/	https://www.ebi.ac.uk/eva	[UNKNOWN EXPERIMENTS]
[NO TYPE]	 'Vertebrates',	Sacral agenesis-abnormal ossification of the vertebral bodies-persistent notochordal canal syndrome		Medium	Orphanet_397927	http://www.orpha.net/ORDO/	https://www.targetvalidation.org	[UNKNOWN EXPERIMENTS]
[NO TYPE]	 'Vertebrates',	tricho-oculo-dermo-vertebral syndrome		Medium	MONDO_0011131	http://purl.obolibrary.org/obo/	https://www.ebi.ac.uk/eva	[UNKNOWN EXPERIMENTS]
[NO TYPE]	 'ferret',	Mustela putorius furo		Good	NCBITaxon_9669	http://purl.obolibrary.org/obo/	http://purl.obolibrary.org/obo/ohpi.owl	[UNKNOWN EXPERIMENTS]
[NO TYPE]	 'cats',	cat-eye syndrome		Good	MONDO_0007276	http://purl.obolibrary.org/obo/	https://www.ebi.ac.uk/eva	[UNKNOWN EXPERIMENTS]
[NO TYPE]	 'Rodentia spp.',	Seeds per pod		Medium	CO_341:0000039	http://www.cropontology.org/rdf/	http://www.cropontology.org/ontology/CO_341/Pigeonpea	[UNKNOWN EXPERIMENTS]
[NO TYPE]	 'Rodentia spp.',	Rodentia		Medium	NCIT_C14270	http://purl.obolibrary.org/obo/	http://purl.obolibrary.org/obo/ncit.owl	[UNKNOWN EXPERIMENTS]
[NO TYPE]	 'Puma concolor',	Puma concolor		Medium	NCBITaxon_9696	http://purl.obolibrary.org/obo/	http://purl.obolibrary.org/obo/ncbitaxon.owl	[UNKNOWN EXPERIMENTS]
[NO TYPE]	 'Puma concolor',	Puma concolor		Medium	VTO_0010789	http://purl.obolibrary.org/obo/	http://purl.obolibrary.org/obo/vto.owl	[UNKNOWN EXPERIMENTS]
[NO TYPE]	 'zebra danio',	Danio rerio		Good	NCBITaxon_7955	http://purl.obolibrary.org/obo/	http://purl.obolibrary.org/obo/foodon.owl	[UNKNOWN EXPERIMENTS]
[NO TYPE]	 'Helicoverpa zea',	Helicoverpa zea		Medium	NCBITaxon_7113	http://purl.obolibrary.org/obo/	http://purl.obolibrary.org/obo/ncbitaxon.owl	[UNKNOWN EXPERIMENTS]
[NO TYPE]	 'Helicoverpa zea',	Helicoverpa zea X Helicoverpa armigera		Medium	NCBITaxon_1692169	http://purl.obolibrary.org/obo/	http://purl.obolibrary.org/obo/ncbitaxon.owl	[UNKNOWN EXPERIMENTS]
[NO TYPE]	 'common marmoset',	Callithrix jacchus		Good	NCBITaxon_9483	http://purl.obolibrary.org/obo/	http://ontology.data.humancellatlas.org/ontologies/hcao	[UNKNOWN EXPERIMENTS]
[NO TYPE]	 'Radopholus similis',	Radopholus similis		Good	NCBITaxon_46012	http://purl.obolibrary.org/obo/	http://purl.obolibrary.org/obo/ncbitaxon.owl	[UNKNOWN EXPERIMENTS]
[NO TYPE]	 'humans',	Homo sapiens		Medium	NCBITaxon_9606	http://purl.obolibrary.org/obo/	https://www.ebi.ac.uk/metabolights	[UNKNOWN EXPERIMENTS]
[NO TYPE]	 'humans',	HsapDv_0000002		Medium	HsapDv_0000002	http://purl.obolibrary.org/obo/	https://www.ebi.ac.uk/about/collaborations/human-cell-atlas	[UNKNOWN EXPERIMENTS]
[NO TYPE]	 'humans',	HsapDv_0000099		Medium	HsapDv_0000099	http://purl.obolibrary.org/obo/	https://www.ebi.ac.uk/about/collaborations/human-cell-atlas	[UNKNOWN EXPERIMENTS]
[NO TYPE]	 'humans',	HsapDv_0000100		Medium	HsapDv_0000100	http://purl.obolibrary.org/obo/	https://www.ebi.ac.uk/about/collaborations/human-cell-atlas	[UNKNOWN EXPERIMENTS]
[NO TYPE]	 'humans',	HsapDv_0000174		Medium	HsapDv_0000174	http://purl.obolibrary.org/obo/	https://www.ebi.ac.uk/about/collaborations/human-cell-atlas	[UNKNOWN EXPERIMENTS]
[NO TYPE]	 'humans',	HsapDv_0000087		Medium	HsapDv_0000087	http://purl.obolibrary.org/obo/	https://www.ebi.ac.uk/about/collaborations/human-cell-atlas	[UNKNOWN EXPERIMENTS]
[NO TYPE]	 'Mustela lutreola',	Mustela lutreola		Good	VTO_0010578	http://purl.obolibrary.org/obo/	http://purl.obolibrary.org/obo/vto.owl	[UNKNOWN EXPERIMENTS]
[NO TYPE]	 'fruit fly',	Drosophila melanogaster		Good	NCBITaxon_7227	http://purl.obolibrary.org/obo/	http://purl.obolibrary.org/obo/ohpi.owl	[UNKNOWN EXPERIMENTS]
[NO TYPE]	 'Ostrinia nubilalis',	Ostrinia nubilalis		Medium	NCBITaxon_29057	http://purl.obolibrary.org/obo/	http://purl.obolibrary.org/obo/ncbitaxon.owl	[UNKNOWN EXPERIMENTS]
[NO TYPE]	 'Ostrinia nubilalis',	Ostrinia nubilalis x Ostrinia scapulalis		Medium	NCBITaxon_912006	http://purl.obolibrary.org/obo/	http://purl.obolibrary.org/obo/ncbitaxon.owl	[UNKNOWN EXPERIMENTS]
[NO TYPE]	 'American mink',	Mink		Good	OMIT_0009959	http://purl.obolibrary.org/obo/	http://purl.obolibrary.org/obo/omit.owl	[UNKNOWN EXPERIMENTS]
[NO TYPE]	 'Lucilia cuprina',	Lucilia cuprina		Good	NCBITaxon_7375	http://purl.obolibrary.org/obo/	http://purl.obolibrary.org/obo/ncbitaxon.owl	[UNKNOWN EXPERIMENTS]
[NO TYPE]	 'Acyrthosiphon kondoi',	Acyrthosiphon kondoi		Medium	NCBITaxon_34664	http://purl.obolibrary.org/obo/	http://purl.obolibrary.org/obo/ncbitaxon.owl	[UNKNOWN EXPERIMENTS]
[NO TYPE]	 'Acyrthosiphon kondoi',	Acyrthosiphon kondoi endosymbiont		Medium	NCBITaxon_42474	http://purl.obolibrary.org/obo/	http://purl.obolibrary.org/obo/ncbitaxon.owl	[UNKNOWN EXPERIMENTS]
[NO TYPE]	 'orius isidiosus',	Orius		Medium	NCBITaxon_82741	http://purl.obolibrary.org/obo/	http://purl.obolibrary.org/obo/ncbitaxon.owl	[UNKNOWN EXPERIMENTS]
[NO TYPE]	 'orius isidiosus',	Orius vicinus		Medium	NCBITaxon_642073	http://purl.obolibrary.org/obo/	http://purl.obolibrary.org/obo/ncbitaxon.owl	[UNKNOWN EXPERIMENTS]
[NO TYPE]	 'Gyps bengalensis',	Gyps bengalensis		Medium	VTO_0030998	http://purl.obolibrary.org/obo/	http://purl.obolibrary.org/obo/vto.owl	[UNKNOWN EXPERIMENTS]
[NO TYPE]	 'Gyps bengalensis',	Gyps bengalensis		Medium	NCBITaxon_43491	http://purl.obolibrary.org/obo/	http://purl.obolibrary.org/obo/ncbitaxon.owl	[UNKNOWN EXPERIMENTS]
[NO TYPE]	 'Orius insidiosus',	Orius insidiosus		Medium	NCBITaxon_83647	http://purl.obolibrary.org/obo/	http://purl.obolibrary.org/obo/ncbitaxon.owl	[UNKNOWN EXPERIMENTS]
[NO TYPE]	 'Orius insidiosus',	Orius		Medium	NCBITaxon_82741	http://purl.obolibrary.org/obo/	http://purl.obolibrary.org/obo/ncbitaxon.owl	[UNKNOWN EXPERIMENTS]
[NO TYPE]	 'yeast'	control		Medium	EFO_0001461	http://www.ebi.ac.uk/efo/	https://www.ebi.ac.uk/gxa	[UNKNOWN EXPERIMENTS]
[NO TYPE]	 'yeast'	susceptibility to vaginal yeast infection measurement		Medium	EFO_0008412	http://www.ebi.ac.uk/efo/	http://www.ebi.ac.uk/gwas	[UNKNOWN EXPERIMENTS]
